ID,JAN,商品名,ASIN,ブランド,売れ筋ランキング,先月購入数,カテゴリー,セラー数,バリエーション,カート価格,新品現在価格,FBA最安値,仕入価格,粗利益,損益分岐(仕入上限),利益率,ROI,仕入判定,FBA手数料,紹介料率,重量・サイズ,危険物,Amazonリンク,Keepaリンク,sedori_poipoi,画像URL,Amazon本体有無,出品制限フラグ,下落回数(30日),納品送料概算,リサーチ日時,仕入済,発送方法,転送済フラグ,SKU,手配書フラグ,仕入個数
a2fafbe9,4973307724800,スケーター(skater) 子供用 直飲み 水筒 プラスチック 480ml ワンプッシュ開閉 食洗機対応 日本製 ディノサウルス 恐竜 26 男の子 PSB5SAN-A,B0G2X4H228,スケーター(Skater),7429,10,ホーム＆キッチン,6,有,1284,1284,,,,626,,,,465,15,220x100x85mm 150g,No,https://www.amazon.co.jp/dp/B0G2X4H228,https://keepa.com/#!product/5-B0G2X4H228,http://localhost:3000/?q=B0G2X4H228,https://m.media-amazon.com/images/I/61P6oajJr4L.jpg,有,,29,,2026/03/17 13:07,,FBA,,0_20260317_626_B0G2X4H228,,1
99137109,4994527917704,アースペット またたびトイ ねこモテ スリスリニャーシート 1枚入 [2個セット],B0CJWVPPQ1,アース・ペット,56678,2,ペット用品,2,無,900,900,,70,,576,,,,252,8,208x105x25mm 70g,No,https://www.amazon.co.jp/dp/B0CJWVPPQ1,https://keepa.com/#!product/5-B0CJWVPPQ1,http://localhost:3000/?q=B0CJWVPPQ1,https://m.media-amazon.com/images/I/51k7wK-yUtL.jpg,無,,2,,2026/03/15 14:07,,自己発,,70_20260315_576_B0CJWVPPQ1,,1
41acb498,4994527917803,ねこモテ 猫用おもちゃ ケリケリにゃ~マクラ 1個,B08V8WYL5J,アース・ペット,7978,50,ペット用品,14,有,400,400,,70,,-21,,,,389,8,168x124x52mm 40g,No,https://www.amazon.co.jp/dp/B08V8WYL5J,https://keepa.com/#!product/5-B08V8WYL5J,http://localhost:3000/?q=B08V8WYL5J,https://m.media-amazon.com/images/I/71JFPNMUfKL.jpg,有,,35,,2026/03/15 14:06,,自己発,,70_20260315_0_B08V8WYL5J,,1
ba590b07,4994527940603,ねこモテ ケリポンにゃーリボンつき,B0BY21S964,ねこモテ,24949,1,ペット用品,10,無,927,927,,70,,463,,,,389,8,203x131x47mm 20g,No,https://www.amazon.co.jp/dp/B0BY21S964,https://keepa.com/#!product/5-B0BY21S964,http://localhost:3000/?q=B0BY21S964,https://m.media-amazon.com/images/I/610H6IcINIL.jpg,有,,1,,2026/03/15 14:06,,自己発,,70_20260315_463_B0BY21S964,,1
f2b71517,4994527940702,ねこモテ コロルンにゃーデュオ 2個入,B0BY1XTMYV,ねこモテ,28109,3,ペット用品,8,無,729,729,,70,,303,,,,389,5,209x123x39mm 20g,No,https://www.amazon.co.jp/dp/B0BY1XTMYV,https://keepa.com/#!product/5-B0BY1XTMYV,http://localhost:3000/?q=B0BY1XTMYV,https://m.media-amazon.com/images/I/61jJt6Cs2WL.jpg,有,,3,,2026/03/15 14:06,,自己発,,70_20260315_303_B0BY1XTMYV,,1
edbaefaf,4964596487118,excel(エクセル)パウダー&ペンシルアイブロウEXPD01(ナチュラルブラウン)アイブロウペンシルアイブロウブラシアイブロウパウダー 眉毛,B015FG6ZN4,Excel,599,1000,ビューティー,50,有,1600,1600,,1099,140,1239,9%,13%,✖️ 見送り,288,10,150x39x11mm 15g,No,https://www.amazon.co.jp/dp/B015FG6ZN4,https://keepa.com/#!product/5-B015FG6ZN4,http://localhost:3000/?q=B015FG6ZN4,https://m.media-amazon.com/images/I/61rHOgRG+cS.jpg,無,,42,185,2026/03/13 16:53,TRUE,自己発,,0_20260313_1152_B015FG6ZN4,,1
20a93860,4964596487156,excel(エクセル) エクセル パウダー&ペンシルアイブロウEX PD05 グレイッシュブラウン,B01N1U7HND,Excel,203859,1,ビューティー,,無,,,,1099,-1284,-185,0%,-117%,✖️ 見送り,288,8,149x39x12mm 12g,No,https://www.amazon.co.jp/dp/B01N1U7HND,https://keepa.com/#!product/5-B01N1U7HND,http://localhost:3000/?q=B01N1U7HND,https://m.media-amazon.com/images/I/81ialfuZLVL.jpg,無,,1,185,2026/03/13 16:53,,自己発,,0_20260313_0_B01N1U7HND,,1
b7ff31d9,4964596487125,excel(エクセル) エクセル パウダー&ペンシルアイブロウEX PD02 キャメルブラウン,B01NAL2EU1,Excel,356542,0,ビューティー,,無,,,,1099,-1284,-185,0%,-117%,✖️ 見送り,288,10,149x39x13mm 14g,No,https://www.amazon.co.jp/dp/B01NAL2EU1,https://keepa.com/#!product/5-B01NAL2EU1,http://localhost:3000/?q=B01NAL2EU1,https://m.media-amazon.com/images/I/81MkOvX7dZL.jpg,無,,0,185,2026/03/13 16:53,TRUE,自己発,,0_20260313_0_B01NAL2EU1,,1
51c69e1a,4901008316062,キャンメイク ミックスアイブロウカラー C01 チャームピンク 1.0g パウダーアイブロウ カラー眉 ブラシ付,B0BSFBHKN5,キャンメイク,12948,100,ビューティー,16,有,530,530,,329,166,495,31%,50%,✖️ 見送り,222,6,67x35x7mm 10g,No,https://www.amazon.co.jp/dp/B0BSFBHKN5,https://keepa.com/#!product/5-B0BSFBHKN5,http://localhost:3000/?q=B0BSFBHKN5,https://m.media-amazon.com/images/I/51mklQOQIiL.jpg,有,,13,,2026/03/13 16:52,,自己発,,329_20260313_276_B0BSFBHKN5,,1
c107421b,4901008315751,キャンメイク オフするんマスカラ 03 ダークチェリー お湯オフ ウォータープルーフ スマッジプルーフ カールキープ フィルムタイプ 7グラム (x 1),B0BSFCQXMY,キャンメイク,3286,100,ビューティー,23,有,910,910,,659,,615,,,,222,8,118x31x19mm 20g,No,https://www.amazon.co.jp/dp/B0BSFCQXMY,https://keepa.com/#!product/5-B0BSFCQXMY,http://localhost:3000/?q=B0BSFCQXMY,https://m.media-amazon.com/images/I/5102UC0qRGL.jpg,無,,59,,2026/03/13 16:51,,自己発,,659_20260313_615_B0BSFCQXMY,,1
1f8bc71f,4901008315836,キャンメイク アイカラーマジシャン 04 淡い予感 3.6ml リキッドアイシャドウ クリーム ピンクベージュ ラメ パール 1,B0BL263LXK,キャンメイク,3969,100,ビューティー,45,有,350,350,,109,,100,,,,222,8,98x23x21mm 10g,No,https://www.amazon.co.jp/dp/B0BL263LXK,https://keepa.com/#!product/5-B0BL263LXK,http://localhost:3000/?q=B0BL263LXK,https://m.media-amazon.com/images/I/41xWPzW+7hL.jpg,有,,43,,2026/03/13 16:50,,自己発,,109_20260313_100_B0BL263LXK,,1
80a0bba6,4901008317038,キャンメイク アイカラーマジシャン 06 強がり 3.5ml リキッドアイシャドウ パール ラメ ピンクブラウン,B0C82D2B2W,キャンメイク,3969,100,ビューティー,46,有,340,340,,109,,87,,,,222,9,91x29x19mm 10g,No,https://www.amazon.co.jp/dp/B0C82D2B2W,https://keepa.com/#!product/5-B0C82D2B2W,http://localhost:3000/?q=B0C82D2B2W,https://m.media-amazon.com/images/I/51EhfLTSjEL.jpg,有,,45,,2026/03/13 16:50,,自己発,,109_20260313_87_B0C82D2B2W,,1
8fbb3ce5,4901008315829,キャンメイク アイカラーマジシャン 03 真夜中の長電話 3.6ml リキッドアイシャドウ ボルドー ラメ パール 1,B0BL26BGM1,キャンメイク,3969,100,ビューティー,41,有,350,350,,109,206,315,59%,189%,✖️ 見送り,222,9,90x25x19mm 10g,No,https://www.amazon.co.jp/dp/B0BL26BGM1,https://keepa.com/#!product/5-B0BL26BGM1,http://localhost:3000/?q=B0BL26BGM1,https://m.media-amazon.com/images/I/51xjcu9Zw0L.jpg,有,,47,,2026/03/13 16:49,,自己発,,109_20260313_96_B0BL26BGM1,,1
45030486,4901008315812,キャンメイク アイカラーマジシャン 02 約束3.6ml リキッドアイシャドウ クリーム ピンクラメ パール 1,B0BL24Y2D9,キャンメイク,3969,100,ビューティー,28,有,350,350,,219,,96,,,,222,9,89x31x19mm 10g,No,https://www.amazon.co.jp/dp/B0BL24Y2D9,https://keepa.com/#!product/5-B0BL24Y2D9,http://localhost:3000/?q=B0BL24Y2D9,https://m.media-amazon.com/images/I/515Hi8rKhNL.jpg,無,,61,,2026/03/13,,自己発,,,,1
cd17300d,4515996092190,カルディコーヒーファーム オリジナルパンダ杏仁豆腐ミニ 215g　1セット（3個）,B08GZW8STH,カルディコーヒーファーム,,0,食品・飲料・お酒,1,無,1760,1760,,738,428,1166,24%,58%,✖️ 見送り,455,10,137x131x63mm 690g,No,https://www.amazon.co.jp/dp/B08GZW8STH,https://keepa.com/#!product/5-B08GZW8STH,http://localhost:3000/?q=B08GZW8STH,https://m.media-amazon.com/images/I/61AAepPU3UL.jpg,無,,0,400,2026/03/13 16:38,,自己発,,246_20260313_1129_B08GZW8STH,,1
06e19a9e,4973307515255,スケーター(Skater) 子供用 ステンレス 水筒 直飲み 470ml ハッピー&スマイル 子供に優しい軽量タイプ 女の子 専用カバー付き 保冷専用 waterbottle スポーツボトル かわいい キッズ 子供 こども 水瓶 KSDC4-A,B08PDYQQPP,スケーター(Skater),11885,20,ホーム＆キッチン,5,有,3980,3980,,2120,738,2858,19%,35%,○ 仕入れ対象,465,15,248x106x87mm 380g,No,https://www.amazon.co.jp/dp/B08PDYQQPP,https://keepa.com/#!product/5-B08PDYQQPP,http://localhost:3000/?q=B08PDYQQPP,https://m.media-amazon.com/images/I/51n-QNCE2+L.jpg,無,,20,550,2026/03/10,TRUE,FBA,,,,5
32fef14d,4549550101967,ELECOM(エレコム) U3H-A416BX USBハブ ブルー [USB3.0対応 /4ポート /バスパワー],B07L8XWDBT,エレコム(ELECOM),,0,パソコン・周辺機器,1,無,3978,3978,,2680,860,3540,22%,32%,✖️ 見送り,288,10,210x77x14mm 60g,No,https://www.amazon.co.jp/dp/B07L8XWDBT,https://keepa.com/#!product/5-B07L8XWDBT,http://localhost:3000/?q=B07L8XWDBT,https://m.media-amazon.com/images/I/31Fpt3Z4OfL.jpg,無,,0,,2026/03/08 16:46,,自己発,,2680_20260308_3292_B07L8XWDBT,,1
c4f40966,4549550235228,エレコム 洗える キーボード 有線 防水 IPX5対応 メンブレン フルサイズ テンキー付 抗菌 ホワイト TK-WS01UMKWH,B09X6QXYBT,エレコム(ELECOM),14193,24,パソコン・周辺機器,9,有,4100,4100,,2340,609,2949,15%,26%,○ 仕入れ対象,624,10,457x185x43mm 750g,No,https://www.amazon.co.jp/dp/B09X6QXYBT,https://keepa.com/#!product/5-B09X6QXYBT,http://localhost:3000/?q=B09X6QXYBT,https://m.media-amazon.com/images/I/51JfuXS2OBL.jpg,無,,24,700,2026/03/08 16:32,TRUE,自己発,TRUE,2340_20260308_3066_B09X6QXYBT,,1
b41626fc,4901305406879,片岡物産 バンホーテンの腸活ココア 160g×12個入×(2ケース),B0FP8BHX7L,片岡物産,,0,食品・飲料・お酒,4,無,14253,14253,,571,13682,14253,96%,2396%,△ 要確認,,,,No,https://www.amazon.co.jp/dp/B0FP8BHX7L,https://keepa.com/#!product/5-B0FP8BHX7L,http://localhost:3000/?q=B0FP8BHX7L,https://m.media-amazon.com/images/I/51N+vXQ7hpL.jpg,無,,0,,2026/03/08 15:52,,自己発,,571_20260308_0_B0FP8BHX7L,,1
a2fd1d34,4964596782657,excel(エクセル) プロテクティブ UＶエッセンス ｌｂ 02 サクラ&カモミール 日焼け止め 顔,B0DRSLDDX2,Excel,77687,10,ビューティー,1,無,2200,2200,,1540,418,1958,19%,27%,○ 仕入れ対象,318,10,138x44x26mm 70g,No,https://www.amazon.co.jp/dp/B0DRSLDDX2,https://keepa.com/#!product/5-B0DRSLDDX2,http://localhost:3000/?q=B0DRSLDDX2,https://m.media-amazon.com/images/I/618nRMyuqCL.jpg,無,,17,,2026/03/06 17:03,,自己発,,1540_20260306_1662_B0DRSLDDX2,,1
43af4e2f,4964596782640,excel(エクセル) プロテクティブ UＶエッセンス ｌｂ 01 サクラ&ベルガモット 日焼け止め 顔,B0DRSHC2QZ,Excel,30765,20,ビューティー,11,無,1700,1700,,1540,-27,1513,-2%,-2%,✖️ 見送り,318,10,140x45x26mm 70g,No,https://www.amazon.co.jp/dp/B0DRSHC2QZ,https://keepa.com/#!product/5-B0DRSHC2QZ,http://localhost:3000/?q=B0DRSHC2QZ,https://m.media-amazon.com/images/I/61NDGOTlqvL.jpg,無,,18,,2026/03/06 17:02,,自己発,,1540_20260306_1212_B0DRSHC2QZ,,1
f739527b,B0B1H432RT,メラノCC 薬用しみ対策 美白化粧水しっとりタイプ 本体+詰替セット +極潤サシェット付 【医薬部外品】【Amazon.co.jp限定品】,B0B1H432RT,メラノCC,6463,100,ビューティー,4,有,2550,2550,,,2269,2269,89%,0%,◎ 超即買い,455,10,188x141x50mm 410g,No,https://www.amazon.co.jp/dp/B0B1H432RT,https://keepa.com/#!product/5-B0B1H432RT,http://localhost:3000/?q=B0B1H432RT,https://m.media-amazon.com/images/I/81e2+O4smbL.jpg,無,,73,,2026/03/06 9:12,,自己発,,0_20260306_1840_B0B1H432RT,,
6c7c41dd,4901301423887,キュキュット 【大容量】デカラクサイズ CLEAR泡スプレー 食器用洗剤 奥・ミゾ・スキマまでこすらず洗浄! 無香性 つめかえ用 1250ｍｌ 【Amazon.co.jp限定】,B0BT71QCP3,花王(Kao),3748,300,ドラッグストア,4,有,1570,1570,,1013,384,1397,24%,38%,○ 仕入れ対象,485,10,278x178x63mm 1330g,No,https://www.amazon.co.jp/dp/B0BT71QCP3,https://keepa.com/#!product/5-B0BT71QCP3,http://localhost:3000/?q=B0BT71QCP3,https://m.media-amazon.com/images/I/81kZ4M-UmIL.jpg,無,,64,,2026/03/06 9:09,FALSE,自己発,,1013_20260306_928_B0BT71QCP3,,1
5f200a75,B09WVBY7TQ,エレコム スマートフォン用シリコンバンパー マルチ対応 Android/iPhone ZEROSHOCK Lサイズ ブラック P-SBZ05BK,B09WVBY7TQ,エレコム(ELECOM),23396,14,家電＆カメラ,5,有,2247,2247,,1100,899,1999,40%,82%,○ 仕入れ対象,288,10,214x96x16mm 40g,No,https://www.amazon.co.jp/dp/B09WVBY7TQ,https://keepa.com/#!product/5-B09WVBY7TQ,http://localhost:3000/?q=B09WVBY7TQ,https://m.media-amazon.com/images/I/51+-qGxriwL.jpg,無,,14,,2026/03/03 18:00:00,TRUE,自己発,TRUE,1100_20260303_1734_B09WVBY7TQ,,1
,,,,,,,,,,,,,,,,,,,,,,,,,,,,,,,,,,,,,
f110e1c9,B0D4VC8Q6V,エレコム MagSafe マグネット リング ステッカー シール Magkeep ワイヤレス充電対応 ガイド枠付き 【iPhone 15/14/13/12/11/Plus/Pro/Pro Max/mini】 グリーン AMS-MAGST2LGN,B0D4VC8Q6V,エレコム(ELECOM),34222,8,家電＆カメラ,4,有,1228,1228,,1183,-379,804,-31%,-32%,✖️ 見送り,288,10,180x105x1mm 10g,No,https://www.amazon.co.jp/dp/B0D4VC8Q6V,https://keepa.com/#!product/5-B0D4VC8Q6V,http://localhost:3000/?q=B0D4VC8Q6V,https://m.media-amazon.com/images/I/41nzXZ6NssL.jpg,有,,8,,2026/03/03 17:56:00,,,,1183_20260303_817_B0D4VC8Q6V,,
2c47619e,4901301233424,トイレクイックル つめかえ用 ジャンボパック 20枚,B00YQTB41A,花王(Kao),321465,20,ドラッグストア,7,無,844,844,,305,399,704,47%,131%,○ 仕入れ対象,399,15,225x143x60mm 340g,No,https://www.amazon.co.jp/dp/B00YQTB41A,https://keepa.com/#!product/5-B00YQTB41A,http://localhost:3000/?q=B00YQTB41A,https://m.media-amazon.com/images/I/818LIxnbBqL.jpg,無,,0,,2026/03/02 13:33:00,,自己発,,305_20260302_318_B00YQTB41A,,1
52ad9241,4987353190618,【8個セット】ユースキン カートリッジ(つけかえ専用) 180g,B08JYFGK6D,ユースキン,,0,ドラッグストア,3,無,9680,9680,,1210,8470,9680,88%,700%,△ 要確認,,,180g,No,https://www.amazon.co.jp/dp/B08JYFGK6D,https://keepa.com/#!product/5-B08JYFGK6D,http://localhost:3000/?q=B08JYFGK6D,https://m.media-amazon.com/images/I/41ByXY1c83L.jpg,無,,0,,2026/03/02 13:07:00,,自己発,,1210_20260302_0_B08JYFGK6D,,1
,,,,,,,,,,,,,,,,,,,,,,,,,,,,,,,,,,,,,
,,,,,,,,,,,,,,,,,,,,,,,,,,,,,,,,,,,,,
f7b52174,4901301450623,ニベア クリームケア ボディウォッシュ Ｗ濃厚保湿 ヨーロピアンホワイトソープの香り つめかえ用 340ml ボディソープ 保湿 スキンケア,B0FL65HP14,ニベア,2169,1000,ビューティー,9,有,376,376,,327,15,342,4%,5%,✖️ 見送り,389,8,230x122x39mm 370g,No,https://www.amazon.co.jp/dp/B0FL65HP14,https://keepa.com/#!product/5-B0FL65HP14,http://localhost:3000/?q=B0FL65HP14,https://m.media-amazon.com/images/I/71s0aRrOjlL.jpg,有,,32,,2026/03/02 13:03:00,,自己発,,327_20260302_0_B0FL65HP14,,1
18a3725d,4902111362120,ユニリーバ ドメスト 500ml 【3本セット】,B00WYQP1N4,Domestos,155181,1,ドラッグストア,12,無,1258,1258,,184,963,1147,77%,523%,✖️ 見送り,485,8,252x200x145mm 1800g,No,https://www.amazon.co.jp/dp/B00WYQP1N4,https://keepa.com/#!product/5-B00WYQP1N4,http://localhost:3000/?q=B00WYQP1N4,https://m.media-amazon.com/images/I/41pZyaY-2SL.jpg,無,,1,,2026/03/02 13:00:00,,自己発,,184_20260302_672_B00WYQP1N4,,1
709c5343,4987176286376,ファブリーズ W除菌+消臭スプレー 衣類・布製品用 無香料 アルコール成分配合 詰め替え 2回分/640mL,B0DQXN43KT,ファブリーズ,3283,1000,ドラッグストア,17,無,631,631,,613,-17,596,-3%,-3%,✖️ 見送り,399,5,225x159x68mm 660g,No,https://www.amazon.co.jp/dp/B0DQXN43KT,https://keepa.com/#!product/5-B0DQXN43KT,http://localhost:3000/?q=B0DQXN43KT,https://m.media-amazon.com/images/I/81OubicQznL.jpg,有,,51,,2026/03/02 12:59:00,,自己発,,613_20260302_200_B0DQXN43KT,,1
c946be43,4987176286406,ファブリーズ 消臭スプレー(衣類・布用) 【 W除菌＋消臭 】 香りが残らない 詰め替え 2回分/640mL,B0DQXPNSKM,ファブリーズ,353,3000,ドラッグストア,14,有,546,546,,613,-98,515,-18%,-16%,✖️ 見送り,389,5,176x153x64mm 650g,No,https://www.amazon.co.jp/dp/B0DQXPNSKM,https://keepa.com/#!product/5-B0DQXPNSKM,http://localhost:3000/?q=B0DQXPNSKM,https://m.media-amazon.com/images/I/81C9X1QCv5L.jpg,有,,35,,2026/03/02 12:59:00,,自己発,,613_20260302_129_B0DQXPNSKM,,1
0087b1d8,4903301363651,ソフラン プレミアム消臭 詰め替え ウルトラジャンボ 1520ml アロマソープ 生乾きでも菌を生ませずニオわせない 柔軟剤 抗菌 部屋干し 汗臭 体臭 加齢臭 靴下臭,B0D6R1GCF9,ソフラン プレミアム消臭,10155,1000,ドラッグストア,10,無,1162,1162,,712,347,1059,30%,49%,○ 仕入れ対象,514,8,334x192x90mm 1550g,No,https://www.amazon.co.jp/dp/B0D6R1GCF9,https://keepa.com/#!product/5-B0D6R1GCF9,http://localhost:3000/?q=B0D6R1GCF9,https://m.media-amazon.com/images/I/71ldWlc3tlL.jpg,有,,49,,2026/03/02 12:59:00,,自己発,,712_20260302_555_B0D6R1GCF9,,1
6efe122f,4976652013087,ファイン(FINE JAPAN) 金のしじみウコン肝臓エキス 肝臓水解物 しじみエキス末 クルクミン オルニチン配合 国内生産 (1日3～6粒/90粒入)×5個,B07CCH99HH,ファイン(FINE JAPAN),12312,50,ドラッグストア,10,有,3750,3750,,1058,2279,3337,61%,215%,○ 仕入れ対象,465,10,190x153x78mm 320g,No,https://www.amazon.co.jp/dp/B07CCH99HH,https://keepa.com/#!product/5-B07CCH99HH,http://localhost:3000/?q=B07CCH99HH,https://m.media-amazon.com/images/I/81YbMPObxAL.jpg,無,,13,,2026/03/02 12:57:00,,自己発,,1058_20260302_2910_B07CCH99HH,,
00b9a1c9,4979654026758,山本漢方 乳酸菌＋大麦若葉粉末 4g×30包 ×20個セット,B016GFCICK,大麦若葉,,0,食品・飲料・お酒,3,無,25101,25101,,1058,20500,21558,82%,1938%,△ 要確認,781,10,39g,No,https://www.amazon.co.jp/dp/B016GFCICK,https://keepa.com/#!product/5-B016GFCICK,http://localhost:3000/?q=B016GFCICK,https://m.media-amazon.com/images/I/51VJa6zCnTL.jpg,無,,0,,2026/03/02 12:56:00,,,,1058_20260302_21809_B016GFCICK,,
5d14f594,4987176293978,レノア アロマジュエル HOTEL 香り付けビーズ ホワイトティーの香り 本体 420mL,B0DTH9HG7B,レノア,62,2000,ドラッグストア,14,有,623,623,,635,,202,,,,389,5,226x73x69mm 250g,No,https://www.amazon.co.jp/dp/B0DTH9HG7B,https://keepa.com/#!product/5-B0DTH9HG7B,http://localhost:3000/?q=B0DTH9HG7B,https://m.media-amazon.com/images/I/61pkH0veFtL.jpg,有,,18,,2026/03/02 12:54:00,,,,635_20260302_202_B0DTH9HG7B,,
e54de914,4901301418593,"キュキュット クリア除菌 食器用洗剤 詰め替え用, 微香料, 液体タイプ, 700ml×2本セット, キッチン用品・調理器具の洗浄・除菌に",B0FVVW61VW,キュキュット,80333,5,ドラッグストア,,無,,,,327,,,,,,465,8,250x160x70mm 1500g,No,https://www.amazon.co.jp/dp/B0FVVW61VW,https://keepa.com/#!product/5-B0FVVW61VW,http://localhost:3000/?q=B0FVVW61VW,https://m.media-amazon.com/images/I/61KoA6DuxdL.jpg,無,,5,,2026/03/02 12:54:00,,,,327_20260302_0_B0FVVW61VW,,
d67ba02f,4901301451156,花王 アタック抗菌EX 詰替 超特大 900g,B0FH6W5YY3,花王(Kao),,100,ドラッグストア,16,無,746,746,,415,265,680,36%,64%,✖️ 見送り,419,8,294x223x79mm 920g,No,https://www.amazon.co.jp/dp/B0FH6W5YY3,https://keepa.com/#!product/5-B0FH6W5YY3,http://localhost:3000/?q=B0FH6W5YY3,https://m.media-amazon.com/images/I/51a+CUgKFFL.jpg,無,,0,,2026/03/02 12:53:00,,自己発,,415_20260302_267_B0FH6W5YY3,,
3b558c01,4987176319845,レノア ハピネス 5つ星ホテルの夢ふわタッチ 柔軟剤 ホワイトティーの香り 本体 460mL,B0FGPDB5YK,レノア,3249,1000,ドラッグストア,13,無,369,369,,217,-280,-63,-76%,-129%,✖️ 見送り,399,8,269x108x56mm 600g,No,https://www.amazon.co.jp/dp/B0FGPDB5YK,https://keepa.com/#!product/5-B0FGPDB5YK,http://localhost:3000/?q=B0FGPDB5YK,https://m.media-amazon.com/images/I/71SkFS2Qg2L.jpg,有,,53,,2026/03/02 12:53:00,,,,217_20260302_0_B0FGPDB5YK,,
017b99db,4901301419989,【2個セット】花王 ワイドハイターEXパワー 大 つめかえ用 820mL×2個,B0FYQJ15KP,花王(Kao),61805,10,ドラッグストア,10,無,1200,1200,,360,249,609,21%,69%,✖️ 見送り,485,8,252x223x82mm 1700g,No,https://www.amazon.co.jp/dp/B0FYQJ15KP,https://keepa.com/#!product/5-B0FYQJ15KP,http://localhost:3000/?q=B0FYQJ15KP,https://m.media-amazon.com/images/I/61vzxFEnEhL.jpg,無,,7,,2026/03/02 12:52:00,,,,360_20260302_619_B0FYQJ15KP,,
bd9669f4,4901301451187,花王 アタック抗菌EX 部屋干し用 詰替 超特大 850g,B0FK5BD8Q3,花王(Kao),203567,100,ドラッグストア,12,無,457,457,,415,-418,-3,-91%,-101%,✖️ 見送り,419,8,277x193x80mm 870g,No,https://www.amazon.co.jp/dp/B0FK5BD8Q3,https://keepa.com/#!product/5-B0FK5BD8Q3,http://localhost:3000/?q=B0FK5BD8Q3,https://m.media-amazon.com/images/I/51PPZ3gwyzL.jpg,無,,4,,2026/03/02 12:52:00,,,,415_20260302_1_B0FK5BD8Q3,,
1b4a24df,B0GF1XCNCH,明治 たけのこの里×シェ・シバタ 柚子香るヘーゼルプラリネ 61g,B0GF1XCNCH,明治きのこの山・たけのこの里,28079,500,食品・飲料・お酒,7,無,750,750,,215,469,684,63%,218%,○ 仕入れ対象,252,8,151x89x32mm 70g,No,https://www.amazon.co.jp/dp/B0GF1XCNCH,https://keepa.com/#!product/5-B0GF1XCNCH,http://localhost:3000/?q=B0GF1XCNCH,https://m.media-amazon.com/images/I/71+rG-nY9aL.jpg,無,,15,,2026/03/01 22:13:00,TRUE,自己発,TRUE,0_20260301_438_B0GF1XCNCH,,5
c68a95ca,B0DHZ49WTF,レノア ハピネス 5つ星ホテルの夢ふわタッチ 柔軟剤 ホワイトムスクの香り 詰め替え 1285mL,B0DHZ49WTF,レノア,1103,1000,ドラッグストア,13,有,890,890,,,,399,,,,419,8,309x197x94mm 1320g,No,https://www.amazon.co.jp/dp/B0DHZ49WTF,https://keepa.com/#!product/5-B0DHZ49WTF,http://localhost:3000/?q=B0DHZ49WTF,https://m.media-amazon.com/images/I/81i1KwW-cqL.jpg,有,,52,,2026/03/01 22:10:00,,,,0_20260301_399_B0DHZ49WTF,,
d1fb6fc1,B0CV5XJD5Z,キャンメイク クリーミータッチライナー 14 イチゴキューピッド アイライナー ペンシル ジェル なめらか 細芯 ピンク,B0CV5XJD5Z,キャンメイク,2788,800,ビューティー,71,無,708,708,,715,-70,645,-10%,-10%,✖️ 見送り,222,8,135x19x19mm 10g,No,https://www.amazon.co.jp/dp/B0CV5XJD5Z,https://keepa.com/#!product/5-B0CV5XJD5Z,http://localhost:3000/?q=B0CV5XJD5Z,https://m.media-amazon.com/images/I/310IUkWhj0L.jpg,有,,65,,2026/03/01 21:02:00,,自己発,,715_20260301_429_B0CV5XJD5Z,,1
a47f31eb,4520699621585,ユニチャーム グランデリ カリカリ仕立て 成犬用 味わいビーフ入り セレクト 粒 ビーフ・緑黄色野菜・ささみ・小魚入り 700g×9個入,B08195NRDX,ユニ・チャーム,,0,ペット用品,6,無,7326,7326,,385,,,,,,,,,No,https://www.amazon.co.jp/dp/B08195NRDX,https://keepa.com/#!product/5-B08195NRDX,http://localhost:3000/?q=B08195NRDX,https://m.media-amazon.com/images/I/7178qY8HdzL.jpg,無,,0,,2026/03/01 15:36:00,,,,385_20260301_0_B08195NRDX,,
e022841f,4901133736919,（まとめ買い）いなばペットフード いなば Wanちゅ～る 総合栄養食バラエティ 14g×20本 犬用フード 【×4】,B08HK8GFLM,いなば,,0,ペット用品,8,無,4811,4811,,590,,3604,,,,485,15,273x232x70mm 1320g,No,https://www.amazon.co.jp/dp/B08HK8GFLM,https://keepa.com/#!product/5-B08HK8GFLM,http://localhost:3000/?q=B08HK8GFLM,https://m.media-amazon.com/images/I/61bbeb9fHeL.jpg,無,,0,,2026/03/01 15:27:00,,自己発,,590_20260301_3604_B08HK8GFLM,,
4363341d,4901133844317,旅するちゅ～る地鶏堪能セレクション,B0G29X2GLN,inaba-petfood,,0,,4,無,584,584,,114,,,,,,,,,No,https://www.amazon.co.jp/dp/B0G29X2GLN,https://keepa.com/#!product/5-B0G29X2GLN,http://localhost:3000/?q=B0G29X2GLN,https://m.media-amazon.com/images/I/51Lof499ISL.jpg,無,,0,,2026/03/01 15:27:00,,自己発,,114_20260301_0_B0G29X2GLN,,
933e5e02,4902777229027,明治 果汁グミ推し味フルーツミックス47g×10個,B0GPHBNXTQ,明治,48556,0,食品・飲料・お酒,2,無,1680,1680,,896,,,,,,,,,No,https://www.amazon.co.jp/dp/B0GPHBNXTQ,https://keepa.com/#!product/5-B0GPHBNXTQ,http://localhost:3000/?q=B0GPHBNXTQ,https://m.media-amazon.com/images/I/61E3zTr4TIL.jpg,無,,0,,2026/03/01 13:04:00,,自己発,,896_20260301_0_B0GPHBNXTQ,,
ca3ac3bd,4562344400312,【せんとパッキン一体型・食洗機対応】 サーモス 水筒 真空断熱ケータイマグ 480ml アイボリー 隅々まで簡単に洗える 全てのパーツ食洗機OK ステンレス ボトル 軽量コンパクト JOQ-481 IV,B0D9XWNSBV,サーモス(THERMOS),262,200,ホーム＆キッチン,10,有,2610,2610,,2180,,1763,,,,455,15,225x74x74mm 300g,No,https://www.amazon.co.jp/dp/B0D9XWNSBV,https://keepa.com/#!product/5-B0D9XWNSBV,http://localhost:3000/?q=B0D9XWNSBV,https://m.media-amazon.com/images/I/411SsxiVi3L.jpg,有,,28,,2026/03/01 12:13:00,,,,2180_20260301_1763_B0D9XWNSBV,,
1716b58a,4901301336385,【花王】ビオレu エンジェルローズの香り つめかえ用 340ml ×3個セット,B0824NYDPQ,ビオレu,98735,10,ビューティー,7,無,1180,1180,,174,,620,,,,465,8,198x188x62mm 1100g,No,https://www.amazon.co.jp/dp/B0824NYDPQ,https://keepa.com/#!product/5-B0824NYDPQ,http://localhost:3000/?q=B0824NYDPQ,https://m.media-amazon.com/images/I/41wr493DrnL.jpg,無,,12,,2026/03/01 11:48:00,,,,174_20260301_620_B0824NYDPQ,,
f405aba1,4987246651356,カムテクトコンプリートケアEX口臭ケアプラス105g × 36個セット,B08QV5C5RB,カムテクト,,0,ドラッグストア,1,無,34864,34864,,330,,30596,,,,781,10,,No,https://www.amazon.co.jp/dp/B08QV5C5RB,https://keepa.com/#!product/5-B08QV5C5RB,http://localhost:3000/?q=B08QV5C5RB,https://m.media-amazon.com/images/I/41zZS2stIjL.jpg,無,,0,,2026/03/01 11:48:00,,,,330_20260301_30596_B08QV5C5RB,,
bba3d460,4901331003134,貝印 bi-hada(ビハダ) ompa L ホルダー替刃2ヶ付 1個 (x 1),B087BTRWM4,KAI,50802,10,ビューティー,22,有,980,980,,550,,649,,,,252,8,200x73x22mm 60g,No,https://www.amazon.co.jp/dp/B087BTRWM4,https://keepa.com/#!product/5-B087BTRWM4,http://localhost:3000/?q=B087BTRWM4,https://m.media-amazon.com/images/I/51M+7rY11zS.jpg,無,,8,,2026/03/01 11:39:00,,,,550_20260301_649_B087BTRWM4,,
f0811c00,4987241157686,ロート製薬 デオコ DEOCO 薬用 ボディクレンズ 詰め替え 250ml × 5個セット,B07VKS39MC,デオコ,38204,20,ビューティー,9,無,2948,2948,,550,2073,2623,70%,377%,○ 仕入れ対象,485,10,232x224x72mm 1360g,No,https://www.amazon.co.jp/dp/B07VKS39MC,https://keepa.com/#!product/5-B07VKS39MC,http://localhost:3000/?q=B07VKS39MC,https://m.media-amazon.com/images/I/51AUOC2QoTL.jpg,無,,11,,2026/03/01 11:38:00,,自己発,,550_20260301_2168_B07VKS39MC,,1
ca117c95,4903301176862,キレイキレイ 薬用泡ハンドソープ つめかえ用大型サイズ450ml×36個,B012F3227I,キレイキレイ,,0,ビューティー,6,無,14657,14657,,218,14439,14657,99%,6623%,△ 要確認,,,,No,https://www.amazon.co.jp/dp/B012F3227I,https://keepa.com/#!product/5-B012F3227I,http://localhost:3000/?q=B012F3227I,https://m.media-amazon.com/images/I/21vz2LhnHxL.jpg,無,,0,,2026/03/01 11:35:00,,自己発,,218_20260301_0_B012F3227I,,1
dd2fe316,4903111478064,シルコット うるうるスポンジ仕立て（40枚入）x 18個,B074K46C9J,シルコット,,0,ビューティー,8,無,3269,3269,,196,2713,2909,83%,1384%,△ 要確認,532,10,367x279x169mm 910g,No,https://www.amazon.co.jp/dp/B074K46C9J,https://keepa.com/#!product/5-B074K46C9J,http://localhost:3000/?q=B074K46C9J,https://m.media-amazon.com/images/I/51xcSQAtx6L.jpg,無,,0,,2026/03/01 11:34:00,,自己発,,196_20260301_2410_B074K46C9J,,1
253fbb60,4961989609232,【限定】Wafood Made (ワフードメイド) 酒粕マスク グロー 紅茶の香り 7枚 シートマスク くすみケア 透明感 高密着 紅茶エキス 酒粕 ガラクトミセス アルブチン セラミド スキンケア,B0DW3HP99W,Wafood Made(ワフードメイド),,0,,2,有,1039,1039,,330,617,947,59%,187%,✖️ 見送り,288,8,191x135x14mm 120g,No,https://www.amazon.co.jp/dp/B0DW3HP99W,https://keepa.com/#!product/5-B0DW3HP99W,http://localhost:3000/?q=B0DW3HP99W,https://m.media-amazon.com/images/I/61Ud696BTML.jpg,無,,0,,2026/03/01 11:34:00,,自己発,,330_20260301_667_B0DW3HP99W,,1
b9576cac,4976790385831,PYREX グラタン・ドリアオンザ テーブル 600ml CP-8583,B01MYRQIP7,Pyrex,57400,9,ホーム＆キッチン,8,有,792,792,,440,,218,,,,455,15,170x140x56mm 380g,No,https://www.amazon.co.jp/dp/B01MYRQIP7,https://keepa.com/#!product/5-B01MYRQIP7,http://localhost:3000/?q=B01MYRQIP7,https://m.media-amazon.com/images/I/51-6NidwLaL.jpg,有,,9,,2026/03/01 11:33:00,,,,440_20260301_218_B01MYRQIP7,,
fd40218f,4987176277206,レノア ハピネス 5つ星ホテルの夢ふわタッチ 柔軟剤 ホワイトティーの香り 詰め替え 720mL,B0DHZ5HBKP,レノア,33801,30,ドラッグストア,23,無,780,780,,548,163,711,21%,30%,✖️ 見送り,419,8,270x187x51mm 750g,No,https://www.amazon.co.jp/dp/B0DHZ5HBKP,https://keepa.com/#!product/5-B0DHZ5HBKP,http://localhost:3000/?q=B0DHZ5HBKP,https://m.media-amazon.com/images/I/81WEzpcoDZL.jpg,無,,4,,2026/03/01 11:33:00,,自己発,,548_20260301_298_B0DHZ5HBKP,,1
fc4369c9,4976790385848,PYREX グラタン・ドリアオンザ テーブル 1.2L CP-8584 透明,B01N57CF2N,Pyrex,57400,7,ホーム＆キッチン,7,有,1866,1866,,770,,1121,,,,465,15,210x176x56mm 660g,No,https://www.amazon.co.jp/dp/B01N57CF2N,https://keepa.com/#!product/5-B01N57CF2N,http://localhost:3000/?q=B01N57CF2N,https://m.media-amazon.com/images/I/51VsSAlRZAL.jpg,無,,7,,2026/03/01 11:32:00,,,,770_20260301_1121_B01N57CF2N,,
48c624de,4973307687785,スケーター(Skater) 弁当箱 抗菌 保存容器 ランチボックス 3個セット 日本製 スヌーピー スケートボード SRS3SAG-A,B0DNM7C6S6,スケーター(Skater),45252,30,ホーム＆キッチン,9,有,1089,1089,,605,-130,475,-12%,-21%,✖️ 見送り,434,15,141x96x55mm 150g,No,https://www.amazon.co.jp/dp/B0DNM7C6S6,https://keepa.com/#!product/5-B0DNM7C6S6,http://localhost:3000/?q=B0DNM7C6S6,https://m.media-amazon.com/images/I/51UXnmBDYTL.jpg,無,,11,,2026/03/01 11:31:00,,FBA,,605_20260301_491_B0DNM7C6S6,,1
1a7341de,4973307624452,スケーター(Skater) ストロー付き 水筒 プッシュオープン式 400ml ディノサウルス ピクチャー SSH4C-A,B0BYC3S1L8,スケーター(Skater),69733,7,ホーム＆キッチン,3,有,616,616,,935,-752,183,-122%,-80%,✖️ 見送り,399,5,227x108x91mm 190g,No,https://www.amazon.co.jp/dp/B0BYC3S1L8,https://keepa.com/#!product/5-B0BYC3S1L8,http://localhost:3000/?q=B0BYC3S1L8,https://m.media-amazon.com/images/I/51Q0-u5galL.jpg,有,,7,,2026/03/01 11:30:00,,FBA,,935_20260301_186_B0BYC3S1L8,,1
a3514444,4973307688867,スケーター(Skater) 水筒 子供用 直飲み 480ml プラスチック ワンタッチ 食洗機対応 日本製 サンリオ I'm Doraemon ドラえもん ギンガム PSB5SANAG-A,B0DJ8HNJWN,スケーター(Skater),158860,9,ホーム＆キッチン,9,有,1341,1341,,935,-271,664,-20%,-29%,✖️ 見送り,455,15,223x82x78mm 140g,No,https://www.amazon.co.jp/dp/B0DJ8HNJWN,https://keepa.com/#!product/5-B0DJ8HNJWN,http://localhost:3000/?q=B0DJ8HNJWN,https://m.media-amazon.com/images/I/61XD5MbyVvL.jpg,有,,9,,2026/03/01 11:30:00,,FBA,,935_20260301_684_B0DJ8HNJWN,,1
dd8eea11,4973307693366,スケーター(Skater) 水筒 子供用 直飲み 480ml プラスチック ワンタッチ 食洗機対応 日本製 クレヨンしんちゃん 25 男の子 女の子 PSB5SANAG-A,B0DK6Q3XQP,スケーター(Skater),38723,10,ホーム＆キッチン,6,有,742,742,,935,-705,230,-95%,-75%,✖️ 見送り,389,15,222x98x78mm 140g,No,https://www.amazon.co.jp/dp/B0DK6Q3XQP,https://keepa.com/#!product/5-B0DK6Q3XQP,http://localhost:3000/?q=B0DK6Q3XQP,https://m.media-amazon.com/images/I/61aWxCHtjBL.jpg,有,,13,,2026/03/01 11:30:00,,FBA,,935_20260301_241_B0DK6Q3XQP,,1
67d624f7,4973307687822,スケーター(Skater) 水筒 子供用 直飲み 480ml プラスチック ワンタッチ 食洗機対応 日本製 スヌーピー スケートボード 男の子 女の子 PSB5SANAG-A,B0DMDNZRXW,スケーター(Skater),87807,5,ホーム＆キッチン,6,有,1711,1711,,935,38,973,2%,4%,✖️ 見送り,455,15,223x94x76mm 120g,No,https://www.amazon.co.jp/dp/B0DMDNZRXW,https://keepa.com/#!product/5-B0DMDNZRXW,http://localhost:3000/?q=B0DMDNZRXW,https://m.media-amazon.com/images/I/61UcH43sZAL.jpg,有,,5,,2026/03/01 11:29:00,,FBA,,935_20260301_999_B0DMDNZRXW,,1
735a1f68,4901008313665,キャンメイク ラスティングリキッドライナー06 ローズグレージュ 1個 (x 1),B09X3TMMK2,キャンメイク,21882,30,ビューティー,22,有,1180,1180,,769,,767,,,,318,8,130x32x22mm 10g,No,https://www.amazon.co.jp/dp/B09X3TMMK2,https://keepa.com/#!product/5-B09X3TMMK2,http://localhost:3000/?q=B09X3TMMK2,https://m.media-amazon.com/images/I/41a-D4yf1pL.jpg,無,,17,,2026/02/28 21:43:00,FALSE,自己発,,769_20260228_767_B09X3TMMK2,,
29f39a69,4901008315881,キャンメイク シティライトアイズ 04 シャモアピンク 1.0g 単色アイシャドウ ラメ パール コーラルピンク,B0BY66RSF5,キャンメイク,35209,20,ビューティー,16,有,670,670,,439,194,633,29%,44%,✖️ 見送り,222,5,38x32x12mm 10g,No,https://www.amazon.co.jp/dp/B0BY66RSF5,https://keepa.com/#!product/5-B0BY66RSF5,http://localhost:3000/?q=B0BY66RSF5,https://m.media-amazon.com/images/I/71ISuuJtuyL.jpg,無,,14,,2026/02/28 21:21:00,,自己発,,439_20260228_414_B0BY66RSF5,,
e7db9e41,4001686315101,Haribo ハリボー ハッピーコーラ 200g ×5個,B08DPB9DT3,HARIBO,6416,50,食品・飲料・お酒,1,有,1915,1915,,1345,359,1704,19%,27%,○ 仕入れ対象,465,10,218x152x80mm 1020g,No,https://www.amazon.co.jp/dp/B08DPB9DT3,https://keepa.com/#!product/5-B08DPB9DT3,http://localhost:3000/?q=B08DPB9DT3,https://m.media-amazon.com/images/I/81c6X6xcyCL.jpg,有,,20,,2026/02/28 18:54:00,,自己発,,1345_20260228_1258_B08DPB9DT3,,1
5493215f,4901008315874,キャンメイク シティライトアイズ 03 オーキッドモーヴ 1.0g 単色アイシャドウ ラメ パール モーヴピンク,B0BY67HCP8,キャンメイク,35168,10,ビューティー,14,有,624,624,,439,150,589,24%,34%,✖️ 見送り,222,5,38x33x12mm 10g,No,https://www.amazon.co.jp/dp/B0BY67HCP8,https://keepa.com/#!product/5-B0BY67HCP8,http://localhost:3000/?q=B0BY67HCP8,https://m.media-amazon.com/images/I/61-a5NqBoBL.jpg,無,,14,,2026/02/28 16:10:00,,自己発,,439_20260228_370_B0BY67HCP8,,
85757021,4901008315164,キャンメイク スマートミニアイブロウカラー N02 おしゃれパープル カラー眉 極細ブラシ ウォータープルーフ お湯オフ 1個 (x 1),B0B82V872G,キャンメイク,5403,50,ビューティー,20,有,600,600,,384,183,567,31%,48%,✖️ 見送り,222,5,98x23x14mm 10g,No,https://www.amazon.co.jp/dp/B0B82V872G,https://keepa.com/#!product/5-B0B82V872G,http://localhost:3000/?q=B0B82V872G,https://m.media-amazon.com/images/I/511gbdz3+7L.jpg,無,,47,,2026/02/28 16:10:00,,自己発,,384_20260228_348_B0B82V872G,,
46f26246,4939553042433,セザンヌ ウォータリーティントリップ マット M2 ウォームオレンジ 4.0g ティント処方 マットリップ,B0B369VLJJ,セザンヌ,35229,20,ビューティー,10,有,650,650,,329,285,614,44%,87%,✖️ 見送り,222,5,98x19x17mm 10g,No,https://www.amazon.co.jp/dp/B0B369VLJJ,https://keepa.com/#!product/5-B0B369VLJJ,http://localhost:3000/?q=B0B369VLJJ,https://m.media-amazon.com/images/I/51tpGTLWU5L.jpg,有,,11,,2026/02/28 16:09:00,,自己発,,329_20260228_395_B0B369VLJJ,,
e53aea62,4901008315805,キャンメイク アイカラーマジシャン 01 思い出の喫茶店 3.6ml リキッドアイシャドウ クリーム 赤みブラウン ラメ パール 1,B0BL27NQRJ,キャンメイク,5460,100,ビューティー,48,有,440,440,,197,-13,184,-3%,-7%,✖️ 見送り,222,7,92x32x19mm 20g,No,https://www.amazon.co.jp/dp/B0BL27NQRJ,https://keepa.com/#!product/5-B0BL27NQRJ,http://localhost:3000/?q=B0BL27NQRJ,https://m.media-amazon.com/images/I/41La0Uw-aoL.jpg,無,,39,,2026/02/28 16:08:00,,,,197_20260228_187_B0BL27NQRJ,,
cf1d11f5,4901008315331,キャンメイク リップトリックライナー H02 天然ベージュ ハイライト リップ用 ペンシル型 1.5mm 繰り出し式,B0CRGGWB16,キャンメイク,24286,20,ビューティー,12,有,612,612,,329,249,578,41%,76%,✖️ 見送り,222,5,136x20x19mm 10g,No,https://www.amazon.co.jp/dp/B0CRGGWB16,https://keepa.com/#!product/5-B0CRGGWB16,http://localhost:3000/?q=B0CRGGWB16,https://m.media-amazon.com/images/I/31PCmcm+OKL.jpg,有,,11,,2026/02/28 16:08:00,,自己発,,329_20260228_359_B0CRGGWB16,,
b2785ca2,4901008316116,キャンメイク スタイリングデュアルアイブロウ 03 ローズフォグ ワックスベース×パウダーベース ふんわり立体眉 1個 (x 1),B0BY67ZFHF,キャンメイク,32236,10,ビューティー,22,有,570,570,,329,-13,316,-2%,-4%,✖️ 見送り,222,5,56x52x9mm 10g,No,https://www.amazon.co.jp/dp/B0BY67ZFHF,https://keepa.com/#!product/5-B0BY67ZFHF,http://localhost:3000/?q=B0BY67ZFHF,https://m.media-amazon.com/images/I/61pCG62ovuL.jpg,有,,9,,2026/02/28 16:07:00,,,,329_20260228_319_B0BY67ZFHF,,
1ce8d652,4901008316093,キャンメイク スタイリングデュアルアイブロウ 01 ナチュラルブラウン ワックスベース×パウダーベース ふんわり立体眉,B0BY67SJ88,キャンメイク,32236,8,ビューティー,17,有,490,490,,329,134,463,27%,41%,✖️ 見送り,222,5,57x46x12mm 10g,No,https://www.amazon.co.jp/dp/B0BY67SJ88,https://keepa.com/#!product/5-B0BY67SJ88,http://localhost:3000/?q=B0BY67SJ88,https://m.media-amazon.com/images/I/61u-1R-cp-L.jpg,無,,8,,2026/02/28 16:07:00,,自己発,,329_20260228_243_B0BY67SJ88,,
d0900c4d,4901008314327,キャンメイク ライティングリキッドアイズ 04 ミルキーシャーベット 1個 (x 1),B096QWMB2P,キャンメイク,25283,30,ビューティー,21,有,660,660,,329,72,401,11%,22%,✖️ 見送り,222,5,86x30x16mm 20g,No,https://www.amazon.co.jp/dp/B096QWMB2P,https://keepa.com/#!product/5-B096QWMB2P,http://localhost:3000/?q=B096QWMB2P,https://m.media-amazon.com/images/I/41ElP8x14uL.jpg,無,,16,,2026/02/28 16:07:00,,,,329_20260228_405_B096QWMB2P,,
03aa8fa0,4901008316116,キャンメイク スタイリングデュアルアイブロウ 03 ローズフォグ ワックスベース×パウダーベース ふんわり立体眉 1個 (x 1),B0BY67ZFHF,キャンメイク,32236,10,ビューティー,22,有,570,570,,329,-13,316,-2%,-4%,✖️ 見送り,222,5,56x52x9mm 10g,No,https://www.amazon.co.jp/dp/B0BY67ZFHF,https://keepa.com/#!product/5-B0BY67ZFHF,http://localhost:3000/?q=B0BY67ZFHF,https://m.media-amazon.com/images/I/61pCG62ovuL.jpg,有,,9,,2026/02/28,,自己発,,,,1
aa790a44,4976555820805,（まとめ買い）ドギーマン おなかにやさしい ワンワン超ぷちパン 120g 犬用 【×24】,B07MPYX6F2,ドギーマン,170494,0,ペット用品,7,無,5180,5180,,198,4355,4553,84%,2199%,△ 要確認,624,11,280x250x245mm 3350g,No,https://www.amazon.co.jp/dp/B07MPYX6F2,https://keepa.com/#!product/5-B07MPYX6F2,http://localhost:3000/?q=B07MPYX6F2,https://m.media-amazon.com/images/I/71HLJMho71L.jpg,無,,0,,2026/02/28 14:32:00,FALSE,自己発,,198_20260228_3986_B07MPYX6F2,,
e3d0359e,4901301217677,【まとめ買い】ニベア リップ ウォータリングリップ 無香料 3.5g 24個セット,B0FJLCWXPP,花王(Kao),,0,ビューティー,1,無,15375,15375,,328,15047,15375,98%,4588%,△ 要確認,,,300x300x300mm,No,https://www.amazon.co.jp/dp/B0FJLCWXPP,https://keepa.com/#!product/5-B0FJLCWXPP,http://localhost:3000/?q=B0FJLCWXPP,https://m.media-amazon.com/images/I/41U8PMrOxJL.jpg,無,,0,,2026/02/27 18:00:00,,自己発,,328_20260227_0_B0FJLCWXPP,,
0a41aaba,4571607692685,DROAS ドロアス クレイクリアウォッシュ（リラックマコラボ） シトラスライラックの香り,B0F9YB9382,DROAS(ドロアス),2431,200,ビューティー,5,有,850,850,,659,116,775,14%,18%,✖️ 見送り,389,8,213x130x47mm 140g,No,https://www.amazon.co.jp/dp/B0F9YB9382,https://keepa.com/#!product/5-B0F9YB9382,http://localhost:3000/?q=B0F9YB9382,https://m.media-amazon.com/images/I/41SDmOhB2eL.jpg,有,,38,,2026/02/27 17:23:00,,自己発,,659_20260227_393_B0F9YB9382,,
01d20f4f,4901301293183,ニベア モイストピュアカラーリップ チェリーレッド 3.5g,B00YQTZFMO,ニベア,394322,0,ビューティー,,無,,,,328,-328,0,0%,-100%,✖️ 見送り,222,9,127x71x18mm 14g,No,https://www.amazon.co.jp/dp/B00YQTZFMO,https://keepa.com/#!product/5-B00YQTZFMO,http://localhost:3000/?q=B00YQTZFMO,https://m.media-amazon.com/images/I/71jurmU0aDL.jpg,無,,0,,2026/02/27 17:19:00,,自己発,,328_20260227_0_B00YQTZFMO,,
9575c06e,4985275798790,【ELASTINE 公式 リニューアル発売】エラスティン リニューアル パヒューム (ラブミー シャンプー 本体 400ｍL),B0DBH24YBS,§ｅｌ∞ＥＬＡＳＴＩＮＥ,,0,ビューティー,2,無,1103,1103,,438,567,1005,51%,129%,✖️ 見送り,288,8,10x10x10mm 1g,No,https://www.amazon.co.jp/dp/B0DBH24YBS,https://keepa.com/#!product/5-B0DBH24YBS,http://localhost:3000/?q=B0DBH24YBS,https://m.media-amazon.com/images/I/51d1yUHGS-L.jpg,無,,0,,2026/02/27 16:55:00,,自己発,,438_20260227_726_B0DBH24YBS,,
c4b26cce,4901301370181,【4個セット】ニベア プレミアムボディミルク エンリッチ 190g,B07WZS3JQ3,ニベア,,0,ビューティー,1,無,4129,4129,,658,2235,2893,54%,340%,△ 要確認,781,10,,No,https://www.amazon.co.jp/dp/B07WZS3JQ3,https://keepa.com/#!product/5-B07WZS3JQ3,http://localhost:3000/?q=B07WZS3JQ3,https://m.media-amazon.com/images/I/41T1Mp6-n6L.jpg,無,,0,,2026/02/27 16:54:00,,FBA,,658_20260227_2935_B07WZS3JQ3,🚓 逮捕(keepa),
9e466a94,4902111775722,LUX(ラックス) スーパーリッチシャイン トリートメント 本体 150g とろとろ キンモクセイ 洗い流すトリートメント,B0DJCND4DK,LUX,12274,100,ビューティー,2,有,453,453,,576,-163,413,-36%,-28%,✖️ 見送り,389,8,195x79x47mm 170g,No,https://www.amazon.co.jp/dp/B0DJCND4DK,https://keepa.com/#!product/5-B0DJCND4DK,http://localhost:3000/?q=B0DJCND4DK,https://m.media-amazon.com/images/I/619mCgNFvBL.jpg,有,,13,,2026/02/27 16:51:00,,自己発,,576_20260227_27_B0DJCND4DK,,
5daada68,4902111747019,LUX(ラックス) プレミアム ボタニフィーク ダメージリペア トリートメント つめかえ用 350g ×2個,B078FM9GZC,MP,432983,0,ビューティー,9,無,1557,1557,,603,782,1385,50%,130%,✖️ 見送り,781,10,,No,https://www.amazon.co.jp/dp/B078FM9GZC,https://keepa.com/#!product/5-B078FM9GZC,http://localhost:3000/?q=B078FM9GZC,https://m.media-amazon.com/images/I/61-QRUpwKyL.jpg,無,,0,,2026/02/27 16:50:00,,自己発,,603_20260227_620_B078FM9GZC,,1
ec548557,4580781732773,オーバーシーズ スパイスアップ シーソルト 110g,B0FM7BWN42,オーバーシーズ,144604,8,食品・飲料・お酒,2,無,642,642,,483,123,606,19%,25%,✖️ 見送り,368,5,125x45x44mm 140g,No,https://www.amazon.co.jp/dp/B0FM7BWN42,https://keepa.com/#!product/5-B0FM7BWN42,http://localhost:3000/?q=B0FM7BWN42,https://m.media-amazon.com/images/I/51SNWZjGizL.jpg,有,,8,,2026/02/27 16:37:00,,自己発,,483_20260227_241_B0FM7BWN42,,
bd4a48de,4580781732810,オーバーシーズ スパイスアップ ヒマラヤピンクソルト 110g,B0FCMFJYT8,オーバーシーズ,25134,50,食品・飲料・お酒,1,無,642,642,,483,-245,238,-38%,-51%,✖️ 見送り,368,5,127x44x43mm 160g,No,https://www.amazon.co.jp/dp/B0FCMFJYT8,https://keepa.com/#!product/5-B0FCMFJYT8,http://localhost:3000/?q=B0FCMFJYT8,https://m.media-amazon.com/images/I/51-k2gohm-L.jpg,有,,14,,2026/02/27 16:36:00,,,,483_20260227_241_B0FCMFJYT8,,
36ccc6bc,4580781732780,オーバーシーズ スパイスアップ ブラックペッパー 50g,B0FCMGD3K1,オーバーシーズ,15398,200,食品・飲料・お酒,1,無,642,642,,483,123,606,19%,25%,✖️ 見送り,368,5,126x45x44mm 120g,No,https://www.amazon.co.jp/dp/B0FCMGD3K1,https://keepa.com/#!product/5-B0FCMGD3K1,http://localhost:3000/?q=B0FCMGD3K1,https://m.media-amazon.com/images/I/51MBPgEbMEL.jpg,有,,14,,2026/02/27 16:35:00,,自己発,,483_20260227_241_B0FCMGD3K1,,1
0277a173,4580781732797,オーバーシーズ スパイスアップ レインボーペッパー 48g,B0FCYC1DCM,オーバーシーズ,46938,50,食品・飲料・お酒,1,無,642,642,,483,123,606,19%,25%,✖️ 見送り,368,5,125x47x47mm 100g,No,https://www.amazon.co.jp/dp/B0FCYC1DCM,https://keepa.com/#!product/5-B0FCYC1DCM,http://localhost:3000/?q=B0FCYC1DCM,https://m.media-amazon.com/images/I/51nYUdRa6-L.jpg,有,,9,,2026/02/27 16:35:00,,自己発,,483_20260227_241_B0FCYC1DCM,,
33c09115,4515996937064,カルディ チュモッパの素 韓国おにぎり 85g×1袋 KALDI チュモッパのもと 韓国おにぎりの素 おむすび まぜこみ 混ぜ込み,B0CRH2Y93W,KALDI(カルディ),27983,40,食品・飲料・お酒,6,無,850,850,,537,238,775,28%,44%,✖️ 見送り,399,8,256x198x35mm 130g,No,https://www.amazon.co.jp/dp/B0CRH2Y93W,https://keepa.com/#!product/5-B0CRH2Y93W,http://localhost:3000/?q=B0CRH2Y93W,https://m.media-amazon.com/images/I/6134eYeQ7QL.jpg,無,,14,,2026/02/27 16:34:00,,自己発,,537_20260227_383_B0CRH2Y93W,,
b4759d3e,4515996983719,ぱっくんたんぱっくん　杏仁豆腐プロテインバー　1p,B0FYZH3DLR,カルディ,,0,,,無,,,,248,-248,0,0%,-100%,✖️ 見送り,,,,No,https://www.amazon.co.jp/dp/B0FYZH3DLR,https://keepa.com/#!product/5-B0FYZH3DLR,http://localhost:3000/?q=B0FYZH3DLR,,無,,0,,2026/02/27 16:32:00,,自己発,,248_20260227_0_B0FYZH3DLR,,
c901a65e,4001686396476,HARIBO ハリボー グミ ゴールドベア80g×6 (2020発売),B08DFH14VS,Haribo,,0,,,無,,,,192,-192,0,0%,-100%,✖️ 見送り,455,8,183x126x59mm 490g,No,https://www.amazon.co.jp/dp/B08DFH14VS,https://keepa.com/#!product/5-B08DFH14VS,http://localhost:3000/?q=B08DFH14VS,https://m.media-amazon.com/images/I/6152wAjrTwL.jpg,無,,0,,2026/02/27 16:32:00,,自己発,,192_20260227_0_B08DFH14VS,,
78dc8fcd,4515996909696,ティーファンタジー　アールグレイ　40g,B0C3YRNVTQ,カルディ,,0,,,無,,,,440,-440,0,0%,-100%,✖️ 見送り,,,83g,No,https://www.amazon.co.jp/dp/B0C3YRNVTQ,https://keepa.com/#!product/5-B0C3YRNVTQ,http://localhost:3000/?q=B0C3YRNVTQ,,無,,0,,2026/02/27 16:31:00,,自己発,,440_20260227_0_B0C3YRNVTQ,,
20f7599c,4901321514473,森半 ほっと安らぐはちみつ紅茶 200g,B0D6BL6SL4,森半,429120,0,食品・飲料・お酒,2,無,1170,1170,,429,676,1105,58%,158%,✖️ 見送り,252,5,100x100x30mm 230g,No,https://www.amazon.co.jp/dp/B0D6BL6SL4,https://keepa.com/#!product/5-B0D6BL6SL4,http://localhost:3000/?q=B0D6BL6SL4,https://m.media-amazon.com/images/I/51cA5kWzrGL.jpg,無,,0,,2026/02/27 16:30:00,,自己発,,429_20260227_859_B0D6BL6SL4,,
95ed1de1,4515996903434,KALDI オリジナル 濃厚なスパイスミルクティー インスタントチャイ 150g,B00GROE25C,カルディ,13416,200,食品・飲料・お酒,16,無,699,699,,462,,275,,,,389,5,190x131x44mm 160g,No,https://www.amazon.co.jp/dp/B00GROE25C,https://keepa.com/#!product/5-B00GROE25C,http://localhost:3000/?q=B00GROE25C,https://m.media-amazon.com/images/I/41ElbFDzxQL.jpg,無,,36,,2026/02/27 16:29:00,,自己発,,462_20260227_275_B00GROE25C,🚓 逮捕(keepa),
72b38688,4901301355577,【まとめ買い】ニベア ディープモイスチャーリップ バニラ&マカダミア 2.2g ×3個,B07H5G9L8B,ニベア,49284,40,ビューティー,15,無,1551,1551,,,,1077,,,,318,10,141x116x29mm 60g,No,https://www.amazon.co.jp/dp/B07H5G9L8B,https://keepa.com/#!product/5-B07H5G9L8B,http://localhost:3000/?q=B07H5G9L8B,https://m.media-amazon.com/images/I/41sIId6I+zL.jpg,無,,14,,2026/02/27 11:42:00,,自己発,,0_20260227_1077_B07H5G9L8B,🚓 逮捕(keepa),
a8911a35,4901301434401,花王 アタック抗菌EX部屋干し用 詰替 超特大 2030g,B0D8JB8NSC,花王(Kao),32855,40,ドラッグストア,6,無,1580,1580,,,,908,,,,514,10,306x197x159mm 2070g,No,https://www.amazon.co.jp/dp/B0D8JB8NSC,https://keepa.com/#!product/5-B0D8JB8NSC,http://localhost:3000/?q=B0D8JB8NSC,https://m.media-amazon.com/images/I/71uqKI91edL.jpg,無,,13,,2026/02/27 11:40:00,,FBA,,0_20260227_908_B0D8JB8NSC,🚓 逮捕(keepa),
35f17283,4901301290915,ニベアメン リップ 無香料 3.5g 男性用 リップクリーム,B00MWKGJ24,ニベア,74208,10,ビューティー,22,無,481,481,,,,230,,,,222,6,120x50x20mm 10g,No,https://www.amazon.co.jp/dp/B00MWKGJ24,https://keepa.com/#!product/5-B00MWKGJ24,http://localhost:3000/?q=B00MWKGJ24,https://m.media-amazon.com/images/I/715zq1hqN3L.jpg,無,,8,,2026/02/27 11:36:00,,自己発,,0_20260227_230_B00MWKGJ24,🚓 逮捕(keepa),
b59bf6b7,4901515008696,キッコーマン いつでも新鮮 しぼりたて生しょうゆ 620ml×12本入,B09SFM7LR2,キッコーマン,,0,食品・飲料・お酒,3,無,5221,5221,,,5221,5221,100%,0%,△ 要確認,,,,No,https://www.amazon.co.jp/dp/B09SFM7LR2,https://keepa.com/#!product/5-B09SFM7LR2,http://localhost:3000/?q=B09SFM7LR2,https://m.media-amazon.com/images/I/41tjdrk+bDL.jpg,無,,0,,2026/02/26 18:23:00,,,,0_20260226_0_B09SFM7LR2,,
7cbb48e5,4901515122484,"【みのる商事】キッコーマン しぼりたて生しょうゆ 450ml, 2本",B0FND72XT9,キッコーマン,614010,0,食品・飲料・お酒,1,有,1492,1492,,,992,992,66%,0%,✖️ 見送り,368,8,164x62x61mm 520g,No,https://www.amazon.co.jp/dp/B0FND72XT9,https://keepa.com/#!product/5-B0FND72XT9,http://localhost:3000/?q=B0FND72XT9,https://m.media-amazon.com/images/I/718-k3aFHKL.jpg,無,,0,,2026/02/26 18:18:00,,,,0_20260226_1004_B0FND72XT9,,
74bae17c,4901306097502,カゴメ 醸熟ソース ウスター 500MLX5個セット,B0CD3HMRSV,カゴメ,,0,食品・飲料・お酒,,無,,,,,0,0,0%,0%,✖️ 見送り,,,,No,https://www.amazon.co.jp/dp/B0CD3HMRSV,https://keepa.com/#!product/5-B0CD3HMRSV,http://localhost:3000/?q=B0CD3HMRSV,https://m.media-amazon.com/images/I/2149Sg18jnL.jpg,無,,0,,2026/02/26 18:18:00,,,,0_20260226_0_B0CD3HMRSV,,
422f5c48,4902560042000,はごろも いわしで健康 しょうが煮(パウチ) 90g,B09SLVBQ1F,はごろも,,0,食品・飲料・お酒,1,無,480,480,,170,278,448,58%,164%,✖️ 見送り,222,6,160x25x11mm 116g,No,https://www.amazon.co.jp/dp/B09SLVBQ1F,https://keepa.com/#!product/5-B09SLVBQ1F,http://localhost:3000/?q=B09SLVBQ1F,https://m.media-amazon.com/images/I/61KGZCpQ2YL.jpg,無,,0,,2026/02/26 17:56:00,,自己発,,0_20260226_229_B09SLVBQ1F,,
03cd1d4a,4973918110672,創味食品 あえるハコネーゼ 発酵バター風味の濃厚たらこクリーム (45g×2)×15袋入,B0FW3T9GFM,創味食品,227448,4,食品・飲料・お酒,5,無,3280,3280,,198,3082,3280,94%,1557%,✖️ 見送り,,,,No,https://www.amazon.co.jp/dp/B0FW3T9GFM,https://keepa.com/#!product/5-B0FW3T9GFM,http://localhost:3000/?q=B0FW3T9GFM,https://m.media-amazon.com/images/I/51VEuhU+EBL.jpg,無,,4,,2026/02/26 17:52:00,,,,0_20260226_0_B0FW3T9GFM,,
ea870799,4973918110719,創味食品 あえるハコネーゼ 昔ながらの喫茶店風ナポリタンソース (62g×2)×15袋入,B0FW42CK43,創味食品,,0,食品・飲料・お酒,4,無,3280,3280,,198,3082,3280,94%,1557%,△ 要確認,,,,No,https://www.amazon.co.jp/dp/B0FW42CK43,https://keepa.com/#!product/5-B0FW42CK43,http://localhost:3000/?q=B0FW42CK43,https://m.media-amazon.com/images/I/61fMAUV6CML.jpg,無,,0,,2026/02/26 17:52:00,,,,0_20260226_0_B0FW42CK43,,
339f0f88,4901085621929,伊藤園 ワンポット ほうじ茶 (エコティーバッグ) 3.5g×50袋,B08XYBYDXK,ワンポット,1480,1000,食品・飲料・お酒,8,有,409,409,,,,-19,,,,399,7,234x123x57mm 210g,No,https://www.amazon.co.jp/dp/B08XYBYDXK,https://keepa.com/#!product/5-B08XYBYDXK,http://localhost:3000/?q=B08XYBYDXK,https://m.media-amazon.com/images/I/81czww1-kkL.jpg,有,,36,,2026/02/26 17:52:00,,,,0_20260226_0_B08XYBYDXK,,
891b7d5e,4901002045876,S&B パスタソース 生風味 ツナしょうゆ風味 2袋入 ×4セット,B01MXVYGDM,S&B(エスビー),,0,,,無,,,,,,,,,,,,,No,https://www.amazon.co.jp/dp/B01MXVYGDM,https://keepa.com/#!product/5-B01MXVYGDM,http://localhost:3000/?q=B01MXVYGDM,https://m.media-amazon.com/images/I/61O9Dg+p5kL.jpg,無,,0,,2026/02/26 17:52:00,,,,0_20260226_0_B01MXVYGDM,,
d8e8d8d9,4902170057647,オーマイ 和パスタ好きのための ガリバタ醤油 52.6g ×8個,B07P27DKWV,オーマイ,3338,30,食品・飲料・お酒,5,有,1584,1584,,,924,924,58%,0%,◎ 超即買い,485,10,256x206x87mm 510g,No,https://www.amazon.co.jp/dp/B07P27DKWV,https://keepa.com/#!product/5-B07P27DKWV,http://localhost:3000/?q=B07P27DKWV,https://m.media-amazon.com/images/I/81prQI-561L.jpg,有,,23,,2026/02/26 17:52:00,,,,0_20260226_940_B07P27DKWV,,
bfff0893,4902170256002,ニップン オーマイ 早ゆでサラダマカロニ 160g×16袋入×(2ケース),B0C68M4VQ8,Nippn,,0,食品・飲料・お酒,4,無,4197,4197,,,4197,4197,100%,0%,△ 要確認,,,160g,No,https://www.amazon.co.jp/dp/B0C68M4VQ8,https://keepa.com/#!product/5-B0C68M4VQ8,http://localhost:3000/?q=B0C68M4VQ8,https://m.media-amazon.com/images/I/51qPlmhJNeL.jpg,無,,0,,2026/02/26 17:52:00,,,,0_20260226_0_B0C68M4VQ8,,
65d8594b,4560255855474,ネクストレード さば醤油煮 150g ×24,B0F65YLZX9,ネクストレード,294390,0,食品・飲料・お酒,2,無,3136,3136,,,2277,2277,73%,0%,△ 要確認,514,10,300x230x105mm 3700g,No,https://www.amazon.co.jp/dp/B0F65YLZX9,https://keepa.com/#!product/5-B0F65YLZX9,http://localhost:3000/?q=B0F65YLZX9,https://m.media-amazon.com/images/I/51Q0WsAv5nL.jpg,有,,0,,2026/02/26 17:51:00,,,,0_20260226_2308_B0F65YLZX9,,
f81ac099,4901133146718,いなば食品 焼きとり 塩味 65g 1個,B01LXSY2RN,いなば,735469,10,食品・飲料・お酒,2,無,356,356,,,72,72,20%,0%,✖️ 見送り,252,8,75x74x29mm 100g,No,https://www.amazon.co.jp/dp/B01LXSY2RN,https://keepa.com/#!product/5-B01LXSY2RN,http://localhost:3000/?q=B01LXSY2RN,https://m.media-amazon.com/images/I/81yLBvOesUL.jpg,無,,0,,2026/02/26 17:51:00,,FBA,,0_20260226_75_B01LXSY2RN,,
e5c715b3,4972195025280,キョクヨー いわし蒲焼(タイ産) 90g×30個,B01HEFYEPA,キョクヨー,31309,30,食品・飲料・お酒,8,無,4380,4380,,,3480,3480,79%,0%,○ 仕入れ対象,514,8,319x220x89mm 3690g,No,https://www.amazon.co.jp/dp/B01HEFYEPA,https://keepa.com/#!product/5-B01HEFYEPA,http://localhost:3000/?q=B01HEFYEPA,https://m.media-amazon.com/images/I/61u2ueMw2SL.jpg,有,,15,,2026/02/26 17:51:00,,,,0_20260226_3515_B01HEFYEPA,,
b6d837f8,4904621140083,ダイショー 名店監修鍋一風堂ごま担々風極からか 700g,B0F17VJD63,ダイショー,,10,食品・飲料・お酒,,無,,,,,-399,-399,0%,0%,✖️ 見送り,399,7,240x160x72mm 711g,No,https://www.amazon.co.jp/dp/B0F17VJD63,https://keepa.com/#!product/5-B0F17VJD63,http://localhost:3000/?q=B0F17VJD63,https://m.media-amazon.com/images/I/817X6rP8mYL.jpg,無,,0,,2026/02/26 17:51:00,,,,0_20260226_0_B0F17VJD63,,
97dd87a0,4901740991282,業務用 シマヤ かつおだし 顆粒 風味調味料 1kg(500g×2袋),B08GLZBRVR,シマヤ,143809,10,食品・飲料・お酒,6,無,1280,1280,,,702,702,55%,0%,○ 仕入れ対象,465,8,178x138x94mm 1080g,No,https://www.amazon.co.jp/dp/B08GLZBRVR,https://keepa.com/#!product/5-B08GLZBRVR,http://localhost:3000/?q=B08GLZBRVR,https://m.media-amazon.com/images/I/51l+xrRqoCL.jpg,無,,9,,2026/02/26 17:50:00,,,,0_20260226_712_B08GLZBRVR,,
f43b95ba,4901301251039,【花王】ビオレＵ 手指消毒 ＜本体＞ ４００ｍｌ ×５個セット,B00URAJQHQ,花王(Kao),,0,ドラッグストア,7,無,3432,3432,,2500,554,3054,16%,22%,✖️ 見送り,514,10,334x185x163mm 1990g,No,https://www.amazon.co.jp/dp/B00URAJQHQ,https://keepa.com/#!product/5-B00URAJQHQ,http://localhost:3000/?q=B00URAJQHQ,https://m.media-amazon.com/images/I/61ZLaqpnDTL.jpg,無,,0,,2026/02/25 13:33:00,,自己発,,0_20260225_2574_B00URAJQHQ,,
0a0db933,4953103322448,エレコム P-MSS01 スマートフォン汎用アクセサリ ICカード用防磁シート 片面,B073ZZYFMZ,エレコム(ELECOM),21904,12,家電＆カメラ,5,有,1000,1000,,110,617,727,62%,561%,○ 仕入れ対象,222,8,190x90x5mm 20g,No,https://www.amazon.co.jp/dp/B073ZZYFMZ,https://keepa.com/#!product/5-B073ZZYFMZ,http://localhost:3000/?q=B073ZZYFMZ,https://m.media-amazon.com/images/I/61LCHJX8F+L.jpg,無,,12,185,2026/02/23 15:15:00,TRUE,自己発,TRUE,,,1
a9859ddf,4936201109074,フルールセゾン 高保湿ボディローション ラベンダーの香り 400mL ナイアシンアミド配合 (保湿成分),B0F32L7HJL,フルールセゾン,33728,10,ビューティー,2,有,1520,1520,,484,868,1352,57%,179%,○ 仕入れ対象,455,10,193x75x63mm 440g,No,https://www.amazon.co.jp/dp/B0F32L7HJL,https://keepa.com/#!product/5-B0F32L7HJL,http://localhost:3000/?q=B0F32L7HJL,https://m.media-amazon.com/images/I/71cEwRK+ElL.jpg,無,,23,,2026/02/23 15:12:00,TRUE,自己発,TRUE,,,
080ebaec,4549550143806,エレコム ウェットティッシュ クリーナー 除菌 消臭 80枚入り Ag+ 菌・ニオイを除去 日本製 WC-AG80N,B07XCPNF35,エレコム(ELECOM),21600,9,文房具・オフィス用品,8,有,1107,1107,,297,688,985,62%,232%,✖️ 見送り,455,10,174x82x76mm 200g,No,https://www.amazon.co.jp/dp/B07XCPNF35,https://keepa.com/#!product/5-B07XCPNF35,http://localhost:3000/?q=B07XCPNF35,https://m.media-amazon.com/images/I/61GNdBtuCNL.jpg,無,,9,0,2026/02/23 15:11:00,TRUE,自己発,TRUE,,,3
6a3f30ef,4988617248762,エプソン KNC100RHK 両面名刺用紙<半光沢>/名刺サイズ,B01AL76B2C,エプソン,44484,10,文房具・オフィス用品,3,無,2600,2600,,1218,503,1721,19%,41%,○ 仕入れ対象,434,15,112x60x38mm 164g,No,https://www.amazon.co.jp/dp/B01AL76B2C,https://keepa.com/#!product/5-B01AL76B2C,http://localhost:3000/?q=B01AL76B2C,https://m.media-amazon.com/images/I/41s0TcFSDtL.jpg,無,,8,450,2026/02/23 15:01:00,TRUE,自己発,TRUE,,,2
ebf4088c,4901008315775,キャンメイク クリーミータッチライナー 12 イチゴストーム アイライナー ペンシル ジェル なめらか 細芯 ピンクグレー,B0CV5XP1ZQ,キャンメイク,4762,400,ビューティー,88,無,980,980,,715,18,733,2%,3%,✖️ 見送り,222,8,136x22x20mm 10g,No,https://www.amazon.co.jp/dp/B0CV5XP1ZQ,https://keepa.com/#!product/5-B0CV5XP1ZQ,http://localhost:3000/?q=B0CV5XP1ZQ,https://m.media-amazon.com/images/I/31f5BZV-l8L.jpg,無,,41,160,2026/02/23 11:40:00,,自己発,,,,
a44d2eaf,4901008317328,キャンメイク クリーミータッチライナー 13 ブラッドイチゴ アイライナー ペンシル ジェル なめらか 細芯 レッド,B0CV5YPBCX,キャンメイク,4612,200,ビューティー,54,無,1010,1010,,715,46,761,5%,6%,✖️ 見送り,222,8,133x20x19mm 10g,No,https://www.amazon.co.jp/dp/B0CV5YPBCX,https://keepa.com/#!product/5-B0CV5YPBCX,http://localhost:3000/?q=B0CV5YPBCX,https://m.media-amazon.com/images/I/41JFjgpPx0L.jpg,無,,30,160,2026/02/23 11:40:00,,自己発,,,,
9380a2dd,4901008314266,キャンメイク クリーミータッチライナー シアー 40th トゥルーレッド アイライナー ジェル なめらか 極細 シアータイプ 粘膜ピンク,B0FGQB1L1J,キャンメイク,3,1000,ビューティー,90,有,715,715,,715,-40,675,-6%,-6%,✖️ 見送り,252,5,137x33x30mm 10g,No,https://www.amazon.co.jp/dp/B0FGQB1L1J,https://keepa.com/#!product/5-B0FGQB1L1J,http://localhost:3000/?q=B0FGQB1L1J,https://m.media-amazon.com/images/I/41i3jT7MNKL.jpg,有,,8,,2026/02/23 11:39:00,FALSE,自己発,TRUE,,,
73c54e69,4901008314266,キャンメイク クリーミータッチライナー シアー 40th トゥルーレッド アイライナー ジェル なめらか 極細 シアータイプ 粘膜ピンク,B0FGQB1L1J,キャンメイク,3,1000,ビューティー,90,有,715,715,,715,-200,515,-28%,-28%,✖️ 見送り,252,5,137x33x30mm 10g,No,https://www.amazon.co.jp/dp/B0FGQB1L1J,https://keepa.com/#!product/5-B0FGQB1L1J,http://localhost:3000/?q=B0FGQB1L1J,https://m.media-amazon.com/images/I/41i3jT7MNKL.jpg,有,,8,160,2026/02/23 11:39:00,,自己発,,,,
f2e954ad,4901008314266,キャンメイク クリーミータッチライナー シアー 40th トゥルーレッド アイライナー ジェル なめらか 極細 シアータイプ 粘膜ピンク,B0FGQB1L1J,キャンメイク,3,1000,ビューティー,90,有,715,715,,715,-200,515,-28%,-28%,✖️ 見送り,252,5,137x33x30mm 10g,No,https://www.amazon.co.jp/dp/B0FGQB1L1J,https://keepa.com/#!product/5-B0FGQB1L1J,http://localhost:3000/?q=B0FGQB1L1J,https://m.media-amazon.com/images/I/41i3jT7MNKL.jpg,有,,8,160,2026/02/23,,自己発,,,,1
6b02748f,4901008317052,キャンメイク プランぷくコーデアイズ 04 イチゴプランぷく 1.3g 涙袋用アイシャドウ 影用シャドウ ピンクレッド,B0CV5XYY82,キャンメイク,1203,100,ビューティー,47,有,784,784,,784,-229,555,-29%,-29%,✖️ 見送り,222,8,67x47x12mm 10g,No,https://www.amazon.co.jp/dp/B0CV5XYY82,https://keepa.com/#!product/5-B0CV5XYY82,http://localhost:3000/?q=B0CV5XYY82,https://m.media-amazon.com/images/I/61uS+ySGDrL.jpg,有,,48,160,2026/02/23 9:29:00,,自己発,,,,
1db56836,4901008317519,キャンメイク プランぷくコーデアイズ 05 しゃぼんだまプランぷく 1.3g 涙袋用アイシャドウ 影用シャドウ ライラックピンク,B0F3W35TG3,キャンメイク,1203,100,ビューティー,25,有,784,784,,784,-229,555,-29%,-29%,✖️ 見送り,222,8,67x45x12mm 10g,No,https://www.amazon.co.jp/dp/B0F3W35TG3,https://keepa.com/#!product/5-B0F3W35TG3,http://localhost:3000/?q=B0F3W35TG3,https://m.media-amazon.com/images/I/61ucx-QjQTL.jpg,有,,40,160,2026/02/23 9:28:00,,自己発,,,,
d3790ae5,4901008317410,キャンメイク クリーミータッチライナー 16 プリティミルクティー アイライナー ジェル なめらか 極細 ベージュ,B0GGXMFM8M,キャンメイク,3,3000,ビューティー,35,有,715,715,,715,-223,492,-31%,-31%,✖️ 見送り,288,8,140x19x19mm 10g,No,https://www.amazon.co.jp/dp/B0GGXMFM8M,https://keepa.com/#!product/5-B0GGXMFM8M,http://localhost:3000/?q=B0GGXMFM8M,https://m.media-amazon.com/images/I/31LofsV0A9L.jpg,有,,9,160,2026/02/23,,自己発,,,,1
1e7121ef,4901008317410,キャンメイク クリーミータッチライナー 16 プリティミルクティー アイライナー ジェル なめらか 極細 ベージュ,B0GGXMFM8M,キャンメイク,3,3000,ビューティー,35,有,715,715,,715,-223,492,-31%,-31%,✖️ 見送り,288,8,140x19x19mm 10g,No,https://www.amazon.co.jp/dp/B0GGXMFM8M,https://keepa.com/#!product/5-B0GGXMFM8M,http://localhost:3000/?q=B0GGXMFM8M,https://m.media-amazon.com/images/I/31LofsV0A9L.jpg,有,,9,160,2026/02/23,,自己発,,,,1